Id,ActivityDate,TotalSteps,TotalDistance,VeryActiveMinutes,FairlyActiveMinutes,LightlyActiveMinutes,SedentaryMinutes,Calories,ActivityCalories
1503960366,2016-04-12,13162.0,8.5,25,13,328,728.0,1985.0,
1503960366,2016-04-13,10735.0,6.96999979,21,19,217,776.0,1797.0,
1503960366,2016-04-14,10460.0,6.739999771,30,11,181,1218.0,1776.0,
1503960366,2016-04-15,9762.0,6.28000021,29,34,209,726.0,1745.0,
1503960366,2016-04-16,12669.0,8.159999847,36,10,221,773.0,1863.0,
1503960366,2016-04-17,9705.0,6.480000019,38,20,164,539.0,1728.0,
1503960366,2016-04-18,13019.0,8.590000153,42,16,233,1149.0,1921.0,
1503960366,2016-04-19,15506.0,9.880000114,50,31,264,775.0,2035.0,
1503960366,2016-04-20,10544.0,6.679999828,28,12,205,818.0,1786.0,
1503960366,2016-04-21,9819.0,6.340000153,19,8,211,838.0,1775.0,
1503960366,2016-04-22,12764.0,8.130000114,66,27,130,1217.0,1827.0,
1503960366,2016-04-23,14371.0,9.039999962,41,21,262,732.0,1949.0,
1503960366,2016-04-24,10039.0,6.409999847,39,5,238,709.0,1788.0,
1503960366,2016-04-25,15355.0,9.800000191,73,14,216,814.0,2013.0,
1503960366,2016-04-26,13755.0,8.789999962,31,23,279,833.0,1970.0,
1503960366,2016-04-27,18134.0,12.21000004,78,11,243,1108.0,2159.0,
1503960366,2016-04-28,13154.0,8.529999733,48,28,189,782.0,1898.0,
1503960366,2016-04-29,11181.0,7.150000095,16,12,243,815.0,1837.0,
1503960366,2016-04-30,14673.0,9.25,52,34,217,712.0,1947.0,
1503960366,2016-05-01,10602.0,6.809999943,33,35,246,730.0,1820.0,
1503960366,2016-05-02,14727.0,9.710000038,41,15,277,798.0,2004.0,
1503960366,2016-05-03,15103.0,9.659999847,50,24,254,816.0,1990.0,
1503960366,2016-05-04,11100.0,7.150000095,36,22,203,1179.0,1819.0,
1503960366,2016-05-05,14070.0,8.899999619,45,24,250,857.0,1959.0,
1503960366,2016-05-06,12159.0,8.029999733,24,6,289,754.0,1896.0,
1503960366,2016-05-07,11992.0,7.710000038,37,46,175,833.0,1821.0,
1503960366,2016-05-08,10060.0,6.579999924,44,8,203,574.0,1740.0,
1503960366,2016-05-09,12022.0,7.71999979,46,11,206,835.0,1819.0,
1503960366,2016-05-10,12207.0,7.769999981,46,31,214,746.0,1859.0,
1503960366,2016-05-11,12770.0,8.130000114,36,23,251,669.0,1783.0,
1624580081,2016-04-12,8163.0,5.309999943,0,0,146,1294.0,1432.0,
1624580081,2016-04-13,7007.0,4.550000191,0,0,148,1292.0,1411.0,
1624580081,2016-04-14,9107.0,5.920000076,0,0,236,1204.0,1572.0,
1624580081,2016-04-15,1510.0,0.980000019,0,0,96,1344.0,1344.0,
1624580081,2016-04-16,5370.0,3.49000001,0,0,176,1264.0,1463.0,
1624580081,2016-04-17,6175.0,4.059999943,15,22,127,1276.0,1554.0,
1624580081,2016-04-18,10536.0,7.409999847,17,7,202,1214.0,1604.0,
1624580081,2016-04-19,2916.0,1.899999976,0,0,141,1299.0,1435.0,
1624580081,2016-04-20,4974.0,3.230000019,0,0,151,1289.0,1446.0,
1624580081,2016-04-21,6349.0,4.130000114,0,0,186,1254.0,1467.0,
1624580081,2016-04-22,4026.0,2.619999886,0,0,199,1241.0,1470.0,
1624580081,2016-04-23,8538.0,5.550000191,0,0,227,1213.0,1562.0,
1624580081,2016-04-24,6076.0,3.950000048,16,18,185,1221.0,1617.0,
1624580081,2016-04-25,6497.0,4.21999979,0,0,202,1238.0,1492.0,
1624580081,2016-04-26,2826.0,1.840000033,0,0,140,1300.0,1402.0,
1624580081,2016-04-27,8367.0,5.440000057,17,36,154,1233.0,1670.0,
1624580081,2016-04-28,2759.0,1.789999962,0,5,115,1320.0,1401.0,
1624580081,2016-04-29,2390.0,1.549999952,0,0,150,1290.0,1404.0,
1624580081,2016-04-30,6474.0,4.300000191,11,23,224,1182.0,1655.0,
1624580081,2016-05-01,36019.0,28.03000069,186,63,171,1020.0,2690.0,
1624580081,2016-05-02,7155.0,4.929999828,7,6,166,1261.0,1497.0,
1624580081,2016-05-03,2100.0,1.370000005,0,0,96,1344.0,1334.0,
1624580081,2016-05-04,2193.0,1.429999948,0,0,118,1322.0,1368.0,
1624580081,2016-05-05,2470.0,1.610000014,0,0,117,1323.0,1370.0,
1624580081,2016-05-06,1727.0,1.120000005,0,0,102,1338.0,1341.0,
1624580081,2016-05-07,2104.0,1.370000005,0,0,182,1258.0,1474.0,
1624580081,2016-05-08,3427.0,2.230000019,0,0,152,1288.0,1427.0,
1624580081,2016-05-09,1732.0,1.129999995,0,0,91,1349.0,1328.0,
1624580081,2016-05-10,2969.0,1.929999948,0,0,139,1301.0,1393.0,
1624580081,2016-05-11,3134.0,2.039999962,0,0,112,1328.0,1359.0,
1624580081,2016-05-12,2971.0,1.929999948,0,0,107,890.0,1002.0,
1644430081,2016-04-12,10694.0,7.769999981,2,51,256,1131.0,3199.0,
1644430081,2016-04-13,8001.0,5.820000172,30,16,135,1259.0,2902.0,
1644430081,2016-04-14,11037.0,8.020000458,5,58,252,1125.0,3226.0,
1644430081,2016-04-15,5263.0,3.829999924,3,4,170,1263.0,2750.0,
1644430081,2016-04-16,15300.0,11.11999989,51,42,212,1135.0,3493.0,
1644430081,2016-04-17,8757.0,6.369999886,29,13,186,1212.0,3011.0,
1644430081,2016-04-18,7132.0,5.190000057,15,33,121,1271.0,2806.0,
1644430081,2016-04-19,11256.0,8.180000305,5,58,278,1099.0,3300.0,
1644430081,2016-04-20,2436.0,1.769999981,0,0,125,1315.0,2430.0,
1644430081,2016-04-21,1223.0,0.889999986,0,0,38,1402.0,2140.0,
1644430081,2016-04-22,3673.0,2.670000076,0,0,86,1354.0,2344.0,
1644430081,2016-04-23,6637.0,4.829999924,0,15,160,1265.0,2677.0,
1644430081,2016-04-24,3321.0,2.410000086,0,0,89,1351.0,2413.0,
1644430081,2016-04-25,3580.0,2.599999905,8,1,94,1337.0,2497.0,
1644430081,2016-04-26,9919.0,7.210000038,11,41,223,1165.0,3123.0,
1644430081,2016-04-27,3032.0,2.200000048,0,0,118,1322.0,2489.0,
1644430081,2016-04-28,9405.0,6.840000153,3,53,227,1157.0,3108.0,
1644430081,2016-04-29,3176.0,2.309999943,0,0,120,1193.0,2498.0,
1644430081,2016-04-30,18213.0,13.23999977,9,71,402,816.0,3846.0,
1644430081,2016-05-01,6132.0,4.460000038,3,24,146,908.0,2696.0,
1644430081,2016-05-02,3758.0,2.730000019,1,7,148,682.0,2580.0,
1644430081,2016-05-03,12850.0,9.340000153,10,94,221,1115.0,3324.0,
1644430081,2016-05-04,2309.0,1.679999948,0,0,52,1388.0,2222.0,
1644430081,2016-05-05,4363.0,3.190000057,6,12,81,1341.0,2463.0,
1644430081,2016-05-06,9787.0,7.119999886,11,6,369,1054.0,3328.0,
1644430081,2016-05-07,13372.0,9.720000267,41,17,243,1139.0,3404.0,
1644430081,2016-05-08,6724.0,4.889999866,0,0,295,991.0,2987.0,
1644430081,2016-05-09,6643.0,4.829999924,32,6,303,1099.0,3008.0,
1644430081,2016-05-10,9167.0,6.659999847,12,19,155,1254.0,2799.0,
1644430081,2016-05-11,1329.0,0.970000029,0,0,49,713.0,1276.0,
1844505072,2016-04-12,6697.0,4.429999828,0,0,339,1101.0,2030.0,
1844505072,2016-04-13,4929.0,3.25999999,0,0,248,1192.0,1860.0,
1844505072,2016-04-14,7937.0,5.25,0,0,373,843.0,2130.0,
1844505072,2016-04-15,3844.0,2.539999962,0,0,176,527.0,1725.0,
1844505072,2016-04-16,3414.0,2.25999999,0,0,147,1293.0,1657.0,
1844505072,2016-04-17,4525.0,2.99000001,2,8,199,1231.0,1793.0,
1844505072,2016-04-18,4597.0,3.039999962,0,12,217,1211.0,1814.0,
1844505072,2016-04-19,197.0,0.129999995,0,0,10,1430.0,1366.0,
1844505072,2016-04-20,8.0,0.01,0,0,1,1439.0,1349.0,
1844505072,2016-04-21,8054.0,5.320000172,2,13,308,1117.0,2062.0,
1844505072,2016-04-22,5372.0,3.549999952,0,0,220,1220.0,1827.0,
1844505072,2016-04-23,3570.0,2.359999895,0,0,139,1301.0,1645.0,
1844505072,2016-04-27,4.0,0.0,0,0,1,1439.0,1348.0,
1844505072,2016-04-28,6907.0,4.570000172,0,0,302,1138.0,1992.0,
1844505072,2016-04-29,4920.0,3.25,0,0,247,1082.0,1856.0,
1844505072,2016-04-30,4014.0,2.670000076,0,0,184,218.0,1763.0,
1844505072,2016-05-01,2573.0,1.700000048,0,7,75,585.0,1541.0,
1844505072,2016-05-03,4059.0,2.680000067,0,0,184,1256.0,1742.0,
1844505072,2016-05-04,2080.0,1.370000005,0,0,87,1353.0,1549.0,
1844505072,2016-05-05,2237.0,1.480000019,0,0,120,1320.0,1589.0,
1844505072,2016-05-06,44.0,0.029999999,0,0,2,1438.0,1351.0,
1927972279,2016-04-12,678.0,0.469999999,0,0,55,734.0,2220.0,
1927972279,2016-04-13,356.0,0.25,0,0,32,986.0,2151.0,
1927972279,2016-04-14,2163.0,1.5,0,9,88,1292.0,2383.0,
1927972279,2016-04-15,980.0,0.680000007,0,0,51,941.0,2221.0,
1927972279,2016-04-18,244.0,0.170000002,0,0,17,1423.0,2111.0,
1927972279,2016-04-22,149.0,0.100000001,0,0,10,1430.0,2093.0,
1927972279,2016-04-23,2945.0,2.039999962,0,0,145,1295.0,2499.0,
1927972279,2016-04-24,2090.0,1.450000048,1,6,75,1358.0,2324.0,
1927972279,2016-04-25,152.0,0.109999999,0,0,12,1303.0,2100.0,
1927972279,2016-04-26,3761.0,2.599999905,0,0,192,1058.0,2638.0,
1927972279,2016-04-28,1675.0,1.159999967,0,0,95,1167.0,2351.0,
1927972279,2016-05-01,2704.0,1.870000005,14,1,70,1355.0,2411.0,
1927972279,2016-05-02,3790.0,2.619999886,16,8,94,1322.0,2505.0,
1927972279,2016-05-03,1326.0,0.920000017,10,0,17,1413.0,2195.0,
1927972279,2016-05-04,1786.0,1.24000001,0,0,87,1353.0,2338.0,
1927972279,2016-05-06,2091.0,1.450000048,0,0,108,1332.0,2383.0,
1927972279,2016-05-07,1510.0,1.039999962,0,0,48,1392.0,2229.0,
2022484408,2016-04-12,11875.0,8.340000153,42,14,227,1157.0,2390.0,
2022484408,2016-04-13,12024.0,8.5,43,5,292,1100.0,2601.0,
2022484408,2016-04-14,10690.0,7.5,32,3,257,1148.0,2312.0,
2022484408,2016-04-15,11034.0,8.029999733,27,9,282,1122.0,2525.0,
2022484408,2016-04-16,10100.0,7.090000153,41,11,151,1237.0,2177.0,
2022484408,2016-04-17,15112.0,11.39999962,28,29,331,1052.0,2782.0,
2022484408,2016-04-18,14131.0,10.06999969,48,3,311,1078.0,2770.0,
2022484408,2016-04-19,11548.0,8.529999733,31,7,250,1152.0,2489.0,
2022484408,2016-04-20,15112.0,10.67000008,48,63,276,1053.0,2897.0,
2022484408,2016-04-21,12453.0,8.739999771,104,53,255,1028.0,3158.0,
2022484408,2016-04-22,12954.0,9.329999924,52,10,273,1105.0,2638.0,
2022484408,2016-04-23,6001.0,4.210000038,0,0,249,1191.0,2069.0,
2022484408,2016-04-24,13481.0,10.27999973,37,26,216,1161.0,2529.0,
2022484408,2016-04-25,11369.0,8.010000229,44,8,217,1171.0,2470.0,
2022484408,2016-04-26,10119.0,7.190000057,55,24,275,1086.0,2793.0,
2022484408,2016-04-27,10159.0,7.130000114,19,20,282,1119.0,2463.0,
2022484408,2016-04-28,10140.0,7.119999886,6,20,291,1123.0,2296.0,
2022484408,2016-04-29,10245.0,7.190000057,21,40,281,1098.0,2611.0,
2022484408,2016-04-30,18387.0,12.90999985,13,23,361,1043.0,2732.0,
2022484408,2016-05-01,10538.0,7.400000095,25,28,245,1142.0,2380.0,
2022484408,2016-05-02,10379.0,7.289999962,36,8,277,1119.0,2473.0,
2022484408,2016-05-03,12183.0,8.739999771,72,14,250,1104.0,2752.0,
2022484408,2016-05-04,11768.0,8.289999962,36,27,272,1105.0,2649.0,
2022484408,2016-05-05,11895.0,8.350000381,55,20,253,1112.0,2609.0,
2022484408,2016-05-06,10227.0,7.179999828,24,17,295,1104.0,2498.0,
2022484408,2016-05-07,6708.0,4.710000038,20,2,149,1269.0,1995.0,
2022484408,2016-05-08,3292.0,2.309999943,0,0,135,1305.0,1848.0,
2022484408,2016-05-09,13379.0,9.390000343,35,47,297,1061.0,2709.0,
2022484408,2016-05-10,12798.0,8.979999542,57,28,271,1084.0,2797.0,
2022484408,2016-05-11,13272.0,9.319999695,58,25,224,1133.0,2544.0,
2022484408,2016-05-12,9117.0,6.409999847,16,16,236,728.0,1853.0,
2026352035,2016-04-12,4414.0,2.74000001,3,8,181,706.0,1459.0,
2026352035,2016-04-13,4993.0,3.099999905,0,0,238,663.0,1521.0,
2026352035,2016-04-14,3335.0,2.069999933,0,0,197,653.0,1431.0,
2026352035,2016-04-15,3821.0,2.369999886,0,0,188,687.0,1444.0,
2026352035,2016-04-16,2547.0,1.580000043,0,0,150,728.0,1373.0,
2026352035,2016-04-17,838.0,0.519999981,0,0,60,1053.0,1214.0,
2026352035,2016-04-18,3325.0,2.059999943,0,0,182,1062.0,1419.0,
2026352035,2016-04-19,2424.0,1.5,0,0,141,785.0,1356.0,
2026352035,2016-04-20,7222.0,4.480000019,0,0,327,623.0,1667.0,
2026352035,2016-04-21,2467.0,1.529999971,0,0,153,749.0,1370.0,
2026352035,2016-04-22,2915.0,1.809999943,0,0,162,712.0,1399.0,
2026352035,2016-04-23,12357.0,7.710000038,0,0,432,458.0,1916.0,
2026352035,2016-04-24,3490.0,2.160000086,0,0,164,704.0,1401.0,
2026352035,2016-04-25,6017.0,3.730000019,0,0,260,821.0,1576.0,
2026352035,2016-04-26,5933.0,3.680000067,0,0,288,1018.0,1595.0,
2026352035,2016-04-27,6088.0,3.769999981,0,0,286,586.0,1593.0,
2026352035,2016-04-28,6375.0,3.950000048,0,0,331,626.0,1649.0,
2026352035,2016-04-29,7604.0,4.710000038,0,0,352,492.0,1692.0,
2026352035,2016-04-30,4729.0,2.930000067,0,0,233,594.0,1506.0,
2026352035,2016-05-01,3609.0,2.279999971,0,0,191,716.0,1447.0,
2026352035,2016-05-02,7018.0,4.349999905,0,0,355,716.0,1690.0,
2026352035,2016-05-03,5992.0,3.720000029,0,0,304,981.0,1604.0,
2026352035,2016-05-04,6564.0,4.070000172,0,0,345,530.0,1658.0,
2026352035,2016-05-05,12167.0,7.539999962,0,0,475,479.0,1926.0,
2026352035,2016-05-06,8198.0,5.079999924,0,0,383,511.0,1736.0,
2026352035,2016-05-07,4193.0,2.599999905,0,0,229,665.0,1491.0,
2026352035,2016-05-08,5528.0,3.450000048,0,0,258,610.0,1555.0,
2026352035,2016-05-09,10685.0,6.619999886,0,0,401,543.0,1869.0,
2026352035,2016-05-10,254.0,0.159999996,0,0,17,1002.0,1141.0,
2026352035,2016-05-11,8580.0,5.320000172,0,0,330,569.0,1698.0,
2026352035,2016-05-12,8891.0,5.510000229,0,0,343,330.0,1364.0,
2320127002,2016-04-12,10725.0,7.489999771,13,9,306,1112.0,2124.0,
2320127002,2016-04-13,7275.0,4.900000095,0,0,335,1105.0,2003.0,
2320127002,2016-04-14,3973.0,2.680000067,0,0,191,1249.0,1696.0,
2320127002,2016-04-15,5205.0,3.50999999,0,0,245,1195.0,1801.0,
2320127002,2016-04-16,5057.0,3.410000086,0,0,195,1245.0,1724.0,
2320127002,2016-04-17,6198.0,4.179999828,0,0,249,1191.0,1852.0,
2320127002,2016-04-18,6559.0,4.420000076,0,7,260,1173.0,1905.0,
2320127002,2016-04-19,5997.0,4.039999962,0,11,228,1201.0,1811.0,
2320127002,2016-04-20,7192.0,4.849999905,0,11,283,1146.0,1922.0,
2320127002,2016-04-21,3404.0,2.289999962,1,10,127,1302.0,1610.0,
2320127002,2016-04-22,5583.0,3.75999999,0,0,266,1174.0,1851.0,
2320127002,2016-04-23,5079.0,3.420000076,0,0,242,1129.0,1804.0,
2320127002,2016-04-24,4165.0,2.809999943,0,0,204,1236.0,1725.0,
2320127002,2016-04-25,3588.0,2.420000076,3,5,152,1280.0,1654.0,
2320127002,2016-04-26,3409.0,2.299999952,0,0,147,1293.0,1632.0,
2320127002,2016-04-27,1715.0,1.159999967,0,0,82,1358.0,1481.0,
2320127002,2016-04-28,1532.0,1.029999971,0,0,76,1364.0,1473.0,
2320127002,2016-04-29,924.0,0.620000005,0,0,45,1395.0,1410.0,
2320127002,2016-04-30,4571.0,3.079999924,0,0,234,1206.0,1779.0,
2320127002,2016-05-01,772.0,0.519999981,0,0,40,1400.0,1403.0,
2320127002,2016-05-02,3634.0,2.450000048,5,6,123,1306.0,1613.0,
2320127002,2016-05-03,7443.0,5.019999981,20,10,206,1204.0,1878.0,
2320127002,2016-05-04,1201.0,0.810000002,0,0,52,1388.0,1426.0,
2320127002,2016-05-05,5202.0,3.50999999,0,11,223,1206.0,1780.0,
2320127002,2016-05-06,4878.0,3.289999962,0,0,204,1236.0,1742.0,
2320127002,2016-05-07,7379.0,4.96999979,0,0,319,1121.0,1972.0,
2320127002,2016-05-08,5161.0,3.480000019,0,0,247,1193.0,1821.0,
2320127002,2016-05-09,3090.0,2.079999924,0,0,145,1295.0,1630.0,
2320127002,2016-05-10,6227.0,4.199999809,0,0,290,1150.0,1899.0,
2320127002,2016-05-11,6424.0,4.329999924,0,0,300,1140.0,1903.0,
2320127002,2016-05-12,2661.0,1.789999962,0,0,128,830.0,1125.0,
2347167796,2016-04-12,10113.0,6.829999924,28,13,320,964.0,2344.0,
2347167796,2016-04-13,10352.0,7.010000229,19,32,195,676.0,2038.0,
2347167796,2016-04-14,10129.0,6.699999809,1,48,206,705.0,2010.0,
2347167796,2016-04-15,10465.0,6.920000076,1,24,284,720.0,2133.0,
2347167796,2016-04-16,22244.0,15.07999992,66,72,268,968.0,2670.0,
2347167796,2016-04-17,5472.0,3.619999886,1,7,249,508.0,1882.0,
2347167796,2016-04-18,8247.0,5.449999809,11,16,206,678.0,1944.0,
2347167796,2016-04-19,6711.0,4.440000057,0,7,382,648.0,2346.0,
2347167796,2016-04-20,10999.0,7.269999981,11,43,269,1011.0,2198.0,
2347167796,2016-04-21,10080.0,6.75,23,26,208,761.0,2048.0,
2347167796,2016-04-22,7804.0,5.159999847,9,27,206,781.0,1946.0,
2347167796,2016-04-23,16901.0,11.36999989,32,35,360,591.0,2629.0,
2347167796,2016-04-24,9471.0,6.260000229,0,0,360,584.0,2187.0,
2347167796,2016-04-25,9482.0,6.380000114,15,11,277,653.0,2095.0,
2347167796,2016-04-26,5980.0,3.950000048,0,0,227,732.0,1861.0,
2347167796,2016-04-27,11423.0,7.579999924,26,9,295,623.0,2194.0,
2347167796,2016-04-28,5439.0,3.599999905,0,0,229,764.0,1854.0,
2347167796,2016-04-29,42.0,0.029999999,0,0,4,2.0,403.0,
2873212765,2016-04-12,8796.0,5.909999847,2,21,356,1061.0,1982.0,
2873212765,2016-04-13,7618.0,5.119999886,0,8,404,1028.0,2004.0,
2873212765,2016-04-14,7910.0,5.320000172,0,0,331,1109.0,1893.0,
2873212765,2016-04-15,8482.0,5.699999809,0,0,448,992.0,2063.0,
2873212765,2016-04-16,9685.0,6.650000095,47,1,305,1087.0,2148.0,
2873212765,2016-04-17,2524.0,1.700000048,0,8,160,1272.0,1529.0,
2873212765,2016-04-18,7762.0,5.239999771,1,6,311,1122.0,1890.0,
2873212765,2016-04-19,7948.0,5.369999886,0,0,389,1051.0,1956.0,
2873212765,2016-04-20,9202.0,6.300000191,22,5,378,1035.0,2094.0,
2873212765,2016-04-21,8859.0,5.980000019,2,10,371,1057.0,1970.0,
2873212765,2016-04-22,7286.0,4.900000095,46,0,366,1028.0,2241.0,
2873212765,2016-04-23,9317.0,6.349999905,28,5,330,1077.0,2021.0,
2873212765,2016-04-24,6873.0,4.679999828,46,1,190,1203.0,1898.0,
2873212765,2016-04-25,7373.0,4.949999809,0,0,359,1081.0,1907.0,
2873212765,2016-04-26,8242.0,5.539999962,2,5,309,1124.0,1882.0,
2873212765,2016-04-27,3516.0,2.359999895,46,0,197,1197.0,1966.0,
2873212765,2016-04-28,7913.0,5.409999847,28,7,213,1192.0,1835.0,
2873212765,2016-04-29,7365.0,4.949999809,20,23,206,1191.0,1780.0,
2873212765,2016-04-30,8452.0,5.679999828,5,20,248,1167.0,1830.0,
2873212765,2016-05-01,7399.0,4.96999979,7,18,196,1219.0,1739.0,
2873212765,2016-05-02,7525.0,5.059999943,0,7,334,1099.0,1878.0,
2873212765,2016-05-03,7412.0,4.980000019,1,6,363,1070.0,1906.0,
2873212765,2016-05-04,8278.0,5.559999943,0,0,420,1020.0,2015.0,
2873212765,2016-05-05,8314.0,5.610000134,13,23,311,1093.0,1971.0,
2873212765,2016-05-06,7063.0,4.75,0,5,370,1065.0,1910.0,
2873212765,2016-05-07,4940.0,3.380000114,75,11,52,1302.0,1897.0,
2873212765,2016-05-08,8168.0,5.539999962,46,0,326,1068.0,2096.0,
2873212765,2016-05-09,7726.0,5.190000057,0,0,345,1095.0,1906.0,
2873212765,2016-05-10,8275.0,5.559999943,0,0,373,1067.0,1962.0,
2873212765,2016-05-11,6440.0,4.329999924,0,0,319,1121.0,1826.0,
2873212765,2016-05-12,7566.0,5.110000134,0,0,268,720.0,1431.0,
3372868164,2016-04-12,4747.0,3.24000001,0,0,280,1160.0,1788.0,
3372868164,2016-04-13,9715.0,6.630000114,16,8,371,1045.0,2093.0,
3372868164,2016-04-14,8844.0,6.03000021,6,25,370,1039.0,2065.0,
3372868164,2016-04-15,7451.0,5.079999924,0,0,335,1105.0,1908.0,
3372868164,2016-04-16,6905.0,4.730000019,0,0,356,1084.0,1908.0,
3372868164,2016-04-17,8199.0,5.880000114,11,2,322,1105.0,1964.0,
3372868164,2016-04-18,6798.0,4.639999866,20,7,343,1070.0,2014.0,
3372868164,2016-04-19,7711.0,5.260000229,0,0,376,1064.0,1985.0,
3372868164,2016-04-20,4880.0,3.329999924,15,3,274,1148.0,1867.0,
3372868164,2016-04-21,8857.0,6.070000172,18,9,376,1037.0,2124.0,
3372868164,2016-04-22,3843.0,2.619999886,0,0,206,1234.0,1669.0,
3372868164,2016-04-23,7396.0,5.070000172,20,2,303,1115.0,1995.0,
3372868164,2016-04-24,6731.0,4.590000153,14,7,292,1127.0,1921.0,
3372868164,2016-04-25,5995.0,4.090000153,0,0,416,1024.0,2010.0,
3372868164,2016-04-26,8283.0,5.789999962,22,2,333,1083.0,2057.0,
3372868164,2016-04-27,7904.0,5.420000076,24,13,346,1057.0,2095.0,
3372868164,2016-04-28,5512.0,3.75999999,0,0,385,1055.0,1972.0,
3372868164,2016-04-29,9135.0,6.230000019,0,0,402,1038.0,2044.0,
3372868164,2016-04-30,5250.0,3.579999924,17,4,300,1119.0,1946.0,
3372868164,2016-05-01,3077.0,2.099999905,0,0,172,842.0,1237.0,
3977333714,2016-04-12,8856.0,5.980000019,44,19,131,777.0,1450.0,
3977333714,2016-04-13,10035.0,6.710000038,31,46,153,754.0,1495.0,
3977333714,2016-04-14,7641.0,5.110000134,5,23,214,801.0,1433.0,
3977333714,2016-04-15,9010.0,6.059999943,15,42,183,644.0,1468.0,
3977333714,2016-04-16,13459.0,9.0,31,83,153,663.0,1625.0,
3977333714,2016-04-17,10415.0,6.96999979,11,58,205,600.0,1529.0,
3977333714,2016-04-18,11663.0,7.800000191,4,95,214,605.0,1584.0,
3977333714,2016-04-19,12414.0,8.779999733,19,67,221,738.0,1638.0,
3977333714,2016-04-20,11658.0,7.829999924,2,98,164,845.0,1554.0,
3977333714,2016-04-21,6093.0,4.079999924,0,0,242,712.0,1397.0,
3977333714,2016-04-22,8911.0,5.960000038,33,12,188,731.0,1481.0,
3977333714,2016-04-23,12058.0,8.069999695,0,92,252,724.0,1638.0,
3977333714,2016-04-24,14112.0,10.0,30,95,129,660.0,1655.0,
3977333714,2016-04-25,11177.0,8.479999542,50,9,133,781.0,1570.0,
3977333714,2016-04-26,11388.0,7.619999886,7,95,170,797.0,1551.0,
3977333714,2016-04-27,7193.0,5.039999962,0,10,176,714.0,1377.0,
3977333714,2016-04-28,7114.0,4.880000114,15,8,190,804.0,1407.0,
3977333714,2016-04-29,10645.0,7.75,36,32,150,744.0,1545.0,
3977333714,2016-04-30,13238.0,9.199999809,43,52,194,687.0,1650.0,
3977333714,2016-05-01,10414.0,7.070000172,41,40,124,691.0,1501.0,
3977333714,2016-05-02,16520.0,11.05000019,24,143,176,713.0,1760.0,
3977333714,2016-05-03,14335.0,9.590000153,47,41,258,594.0,1710.0,
3977333714,2016-05-04,13559.0,9.43999958,14,96,142,852.0,1628.0,
3977333714,2016-05-05,12312.0,8.579999924,14,88,178,680.0,1618.0,
3977333714,2016-05-06,11677.0,8.279999733,29,55,168,676.0,1590.0,
3977333714,2016-05-07,11550.0,7.730000019,0,86,208,703.0,1574.0,
3977333714,2016-05-08,13585.0,9.090000153,9,116,171,688.0,1633.0,
3977333714,2016-05-09,14687.0,10.07999992,8,122,151,1159.0,1667.0,
3977333714,2016-05-10,13072.0,8.779999733,1,115,196,676.0,1630.0,
3977333714,2016-05-11,746.0,0.5,4,0,9,13.0,52.0,
4020332650,2016-04-12,8539.0,6.119999886,4,15,331,712.0,3654.0,
4020332650,2016-04-14,108.0,0.079999998,0,0,3,1437.0,2011.0,
4020332650,2016-04-15,1882.0,1.350000024,36,18,87,1299.0,2951.0,
4020332650,2016-04-16,1982.0,1.419999957,65,21,55,1222.0,3051.0,
4020332650,2016-04-17,16.0,0.01,0,0,2,1438.0,1990.0,
4020332650,2016-04-18,62.0,0.039999999,0,0,2,1438.0,1995.0,
4020332650,2016-05-02,475.0,0.340000004,0,11,31,1350.0,2207.0,
4020332650,2016-05-03,4496.0,3.220000029,0,0,174,950.0,2828.0,
4020332650,2016-05-04,10252.0,7.349999905,13,46,346,531.0,3879.0,
4020332650,2016-05-05,11728.0,8.430000305,38,42,196,916.0,3429.0,
4020332650,2016-05-06,4369.0,3.130000114,0,0,177,855.0,2704.0,
4020332650,2016-05-07,6132.0,4.400000095,0,0,184,1256.0,2975.0,
4020332650,2016-05-08,5862.0,4.199999809,0,0,263,775.0,3089.0,
4020332650,2016-05-09,4556.0,3.269999981,3,5,173,1225.0,2785.0,
4020332650,2016-05-10,5546.0,3.980000019,0,0,206,774.0,2926.0,
4020332650,2016-05-11,3689.0,2.650000095,2,8,134,1296.0,2645.0,
4020332650,2016-05-12,590.0,0.419999987,0,0,21,721.0,1120.0,
4057192912,2016-04-12,5394.0,4.03000021,0,0,164,1276.0,2286.0,
4057192912,2016-04-13,5974.0,4.46999979,0,0,160,1280.0,2306.0,
4057192912,2016-04-15,3984.0,2.950000048,3,6,88,873.0,1527.0,
4319703577,2016-04-12,7753.0,5.199999809,0,0,0,1440.0,2115.0,
4319703577,2016-04-13,8204.0,5.5,8,15,96,1234.0,2135.0,
4319703577,2016-04-14,10210.0,6.880000114,1,9,339,589.0,2302.0,
4319703577,2016-04-15,5664.0,3.799999952,0,0,228,752.0,1985.0,
4319703577,2016-04-16,4744.0,3.180000067,0,0,194,724.0,1884.0,
4319703577,2016-04-17,29.0,0.02,0,0,3,1363.0,1464.0,
4319703577,2016-04-18,2276.0,1.549999952,1,9,58,824.0,1632.0,
4319703577,2016-04-19,8925.0,5.989999771,0,0,311,604.0,2200.0,
4319703577,2016-04-20,8954.0,6.010000229,0,18,306,671.0,2220.0,
4319703577,2016-04-21,3702.0,2.480000019,0,0,34,1265.0,1792.0,
4319703577,2016-04-22,4500.0,3.019999981,1,19,176,709.0,1886.0,
4319703577,2016-04-23,4935.0,3.309999943,0,0,233,546.0,1945.0,
4319703577,2016-04-24,4081.0,2.74000001,1,5,191,692.0,1880.0,
4319703577,2016-04-25,9259.0,6.210000038,0,8,390,544.0,2314.0,
4319703577,2016-04-26,9899.0,6.639999866,8,21,288,649.0,2236.0,
4319703577,2016-04-27,10780.0,7.230000019,6,47,300,680.0,2324.0,
4319703577,2016-04-28,10817.0,7.28000021,13,8,359,552.0,2367.0,
4319703577,2016-04-29,7990.0,5.360000134,6,18,289,624.0,2175.0,
4319703577,2016-04-30,8221.0,5.519999981,6,38,196,695.0,2092.0,
4319703577,2016-05-01,1251.0,0.839999974,0,0,67,836.0,1593.0,
4319703577,2016-05-02,9261.0,6.239999771,0,11,344,585.0,2270.0,
4319703577,2016-05-03,9648.0,6.46999979,8,26,287,669.0,2235.0,
4319703577,2016-05-04,10429.0,7.019999981,8,13,313,1106.0,2282.0,
4319703577,2016-05-05,13658.0,9.489999771,27,34,328,957.0,2530.0,
4319703577,2016-05-06,9524.0,6.420000076,6,11,314,692.0,2266.0,
4319703577,2016-05-07,7937.0,5.329999924,3,28,279,586.0,2158.0,
4319703577,2016-05-08,3672.0,2.460000038,0,0,153,603.0,1792.0,
4319703577,2016-05-09,10378.0,6.960000038,2,14,374,490.0,2345.0,
4319703577,2016-05-10,9487.0,6.369999886,3,12,329,555.0,2260.0,
4319703577,2016-05-11,9129.0,6.130000114,3,18,311,574.0,2232.0,
4319703577,2016-05-12,17.0,0.01,0,0,2,0.0,257.0,
4388161847,2016-04-12,10122.0,7.78000021,0,0,0,1440.0,2955.0,
4388161847,2016-04-13,10993.0,8.449999809,1,14,150,1275.0,3092.0,
4388161847,2016-04-14,8863.0,6.820000172,10,35,219,945.0,2998.0,
4388161847,2016-04-15,8758.0,6.730000019,0,0,299,837.0,3066.0,
4388161847,2016-04-16,6580.0,5.059999943,6,9,253,609.0,3073.0,
4388161847,2016-04-17,4660.0,3.579999924,0,0,201,721.0,2572.0,
4388161847,2016-04-18,11009.0,9.100000381,27,8,239,1017.0,3274.0,
4388161847,2016-04-19,10181.0,7.829999924,20,16,249,704.0,3015.0,
4388161847,2016-04-20,10553.0,8.119999886,19,42,228,696.0,3083.0,
4388161847,2016-04-21,10055.0,7.730000019,7,12,272,853.0,3069.0,
4388161847,2016-04-22,12139.0,9.340000153,77,25,220,945.0,3544.0,
4388161847,2016-04-23,13236.0,10.18000031,58,5,215,749.0,3306.0,
4388161847,2016-04-24,10243.0,7.880000114,14,8,239,584.0,2885.0,
4388161847,2016-04-25,12961.0,9.970000267,11,31,301,1054.0,3288.0,
4388161847,2016-04-26,9461.0,7.28000021,14,23,224,673.0,2929.0,
4388161847,2016-04-27,11193.0,8.609999657,11,48,241,684.0,3074.0,
4388161847,2016-04-28,10074.0,7.75,19,9,234,878.0,2969.0,
4388161847,2016-04-29,9232.0,7.099999905,13,16,236,1175.0,2979.0,
4388161847,2016-04-30,12533.0,9.640000343,14,43,300,537.0,3283.0,
4388161847,2016-05-01,10255.0,7.889999866,12,15,241,579.0,2926.0,
4388161847,2016-05-02,10096.0,8.399999619,33,4,204,935.0,3147.0,
4388161847,2016-05-03,12727.0,9.789999962,18,18,306,984.0,3290.0,
4388161847,2016-05-04,12375.0,9.520000458,35,21,251,632.0,3162.0,
4388161847,2016-05-05,9603.0,7.380000114,12,39,199,896.0,2899.0,
4388161847,2016-05-06,13175.0,10.13000011,33,45,262,1100.0,3425.0,
4388161847,2016-05-07,22770.0,17.54000092,120,56,260,508.0,4022.0,
4388161847,2016-05-08,17298.0,14.38000011,107,38,178,576.0,3934.0,
4388161847,2016-05-09,10218.0,7.860000134,6,19,258,1020.0,3013.0,
4388161847,2016-05-10,10299.0,7.920000076,13,14,267,648.0,3061.0,
4388161847,2016-05-11,10201.0,7.840000153,8,18,256,858.0,2954.0,
4388161847,2016-05-12,3369.0,2.589999914,0,0,108,825.0,1623.0,
4445114986,2016-04-12,3276.0,2.200000048,0,0,196,787.0,2113.0,
4445114986,2016-04-13,2961.0,1.99000001,0,0,194,840.0,2095.0,
4445114986,2016-04-14,3974.0,2.670000076,0,0,231,717.0,2194.0,
4445114986,2016-04-15,7198.0,4.829999924,0,0,350,711.0,2496.0,
4445114986,2016-04-16,3945.0,2.650000095,0,0,225,716.0,2180.0,
4445114986,2016-04-17,2268.0,1.519999981,0,0,114,1219.0,1933.0,
4445114986,2016-04-18,6155.0,4.239999771,25,6,162,1247.0,2248.0,
4445114986,2016-04-19,2064.0,1.389999986,0,0,121,895.0,1954.0,
4445114986,2016-04-20,2072.0,1.389999986,0,0,137,841.0,1974.0,
4445114986,2016-04-21,3809.0,2.559999943,0,0,215,756.0,2150.0,
4445114986,2016-04-22,6831.0,4.579999924,0,0,317,706.0,2432.0,
4445114986,2016-04-23,4363.0,2.930000067,0,0,201,1239.0,2149.0,
4445114986,2016-04-24,5002.0,3.359999895,0,0,244,1196.0,2247.0,
4445114986,2016-04-25,3385.0,2.269999981,0,0,179,916.0,2070.0,
4445114986,2016-04-26,6326.0,4.409999847,29,1,180,839.0,2291.0,
4445114986,2016-04-27,7243.0,5.03000021,32,1,194,839.0,2361.0,
4445114986,2016-04-28,4493.0,3.00999999,0,0,236,762.0,2203.0,
4445114986,2016-04-29,4676.0,3.140000105,0,0,226,1106.0,2196.0,
4445114986,2016-04-30,6222.0,4.179999828,0,0,290,797.0,2363.0,
4445114986,2016-05-01,5232.0,3.50999999,0,0,240,741.0,2246.0,
4445114986,2016-05-02,6910.0,4.75,27,4,200,667.0,2336.0,
4445114986,2016-05-03,7502.0,5.179999828,30,2,233,725.0,2421.0,
4445114986,2016-05-04,2923.0,1.960000038,0,0,180,897.0,2070.0,
4445114986,2016-05-05,3800.0,2.549999952,2,6,185,734.0,2120.0,
4445114986,2016-05-06,4514.0,3.029999971,0,0,229,809.0,2211.0,
4445114986,2016-05-07,5183.0,3.589999914,26,4,108,866.0,2123.0,
4445114986,2016-05-08,7303.0,4.900000095,0,8,308,733.0,2423.0,
4445114986,2016-05-09,5275.0,3.539999962,0,0,266,641.0,2281.0,
4445114986,2016-05-10,3915.0,2.630000114,0,0,231,783.0,2181.0,
4445114986,2016-05-11,9105.0,6.110000134,34,22,232,622.0,2499.0,
4445114986,2016-05-12,768.0,0.519999981,0,0,58,380.0,1212.0,
4558609924,2016-04-12,5135.0,3.390000105,0,0,318,1122.0,1909.0,
4558609924,2016-04-13,4978.0,3.289999962,19,7,127,1287.0,1722.0,
4558609924,2016-04-14,6799.0,4.489999771,0,0,279,1161.0,1922.0,
4558609924,2016-04-15,7795.0,5.150000095,17,30,262,1131.0,2121.0,
4558609924,2016-04-16,7289.0,4.820000172,8,12,308,1112.0,1997.0,
4558609924,2016-04-17,9634.0,6.400000095,7,19,304,1110.0,2117.0,
4558609924,2016-04-18,8940.0,5.909999847,14,15,331,1080.0,2116.0,
4558609924,2016-04-19,5401.0,3.569999933,1,9,248,1182.0,1876.0,
4558609924,2016-04-20,4803.0,3.170000076,0,0,222,1218.0,1788.0,
4558609924,2016-04-21,13743.0,9.079999924,6,21,432,844.0,2486.0,
4558609924,2016-04-22,9601.0,6.349999905,20,25,273,1122.0,2094.0,
4558609924,2016-04-23,6890.0,4.550000191,5,5,308,1122.0,2085.0,
4558609924,2016-04-24,8563.0,5.659999847,0,0,395,1045.0,2173.0,
4558609924,2016-04-25,8095.0,5.349999905,18,10,340,993.0,2225.0,
4558609924,2016-04-26,9148.0,6.050000191,12,41,283,1062.0,2223.0,
4558609924,2016-04-27,9557.0,6.320000172,27,14,312,1087.0,2098.0,
4558609924,2016-04-28,9451.0,6.25,1,11,367,985.0,2185.0,
4558609924,2016-04-29,7833.0,5.179999828,15,29,197,1096.0,1918.0,
4558609924,2016-04-30,10319.0,6.820000172,7,29,293,1111.0,2105.0,
4558609924,2016-05-01,3428.0,2.269999981,0,0,190,1121.0,1692.0,
4558609924,2016-05-02,7891.0,5.21999979,0,0,383,1057.0,2066.0,
4558609924,2016-05-03,5267.0,3.480000019,21,10,237,1172.0,1953.0,
4558609924,2016-05-04,5232.0,3.460000038,0,0,252,1188.0,1842.0,
4558609924,2016-05-05,10611.0,7.010000229,14,8,370,1048.0,2262.0,
4558609924,2016-05-06,3755.0,2.480000019,0,0,202,1238.0,1722.0,
4558609924,2016-05-07,8237.0,5.440000057,23,16,233,1116.0,1973.0,
4558609924,2016-05-08,6543.0,4.329999924,66,35,238,1019.0,2666.0,
4558609924,2016-05-09,11451.0,7.570000172,6,30,339,1065.0,2223.0,
4558609924,2016-05-10,6435.0,4.25,11,18,220,1191.0,1889.0,
4558609924,2016-05-11,9108.0,6.019999981,4,31,324,1081.0,2131.0,
4558609924,2016-05-12,6307.0,4.170000076,0,0,247,736.0,1452.0,
4702921684,2016-04-12,7213.0,5.880000114,0,0,263,718.0,2947.0,
4702921684,2016-04-13,6877.0,5.579999924,0,0,258,777.0,2898.0,
4702921684,2016-04-14,7860.0,6.369999886,0,0,271,772.0,2984.0,
4702921684,2016-04-15,6506.0,5.28000021,1,8,256,944.0,2896.0,
4702921684,2016-04-16,11140.0,9.029999733,3,24,335,556.0,3328.0,
4702921684,2016-04-17,12692.0,10.28999996,12,66,302,437.0,3394.0,
4702921684,2016-04-18,9105.0,7.380000114,22,30,191,890.0,3013.0,
4702921684,2016-04-19,6708.0,5.440000057,10,8,179,757.0,2812.0,
4702921684,2016-04-20,8793.0,7.130000114,2,29,260,717.0,3061.0,
4702921684,2016-04-21,6530.0,5.300000191,4,41,144,901.0,2729.0,
4702921684,2016-04-22,1664.0,1.350000024,0,0,72,1341.0,2241.0,
4702921684,2016-04-23,15126.0,12.27000046,9,66,408,469.0,3691.0,
4702921684,2016-04-24,15050.0,12.22000027,15,95,281,542.0,3538.0,
4702921684,2016-04-25,9167.0,7.429999828,6,15,270,730.0,3064.0,
4702921684,2016-04-26,6108.0,4.949999809,1,8,216,765.0,2784.0,
4702921684,2016-04-27,7047.0,5.71999979,1,16,238,733.0,2908.0,
4702921684,2016-04-28,9023.0,7.320000172,14,9,232,738.0,3033.0,
4702921684,2016-04-29,9930.0,8.050000191,12,19,267,692.0,3165.0,
4702921684,2016-04-30,10144.0,8.229999542,4,36,263,728.0,3115.0,
4702921684,2016-05-02,7245.0,5.920000076,5,40,195,1131.0,2859.0,
4702921684,2016-05-03,9454.0,7.670000076,0,0,313,729.0,3145.0,
4702921684,2016-05-04,8161.0,6.619999886,4,15,251,757.0,3004.0,
4702921684,2016-05-05,8614.0,6.989999771,8,5,241,745.0,3006.0,
4702921684,2016-05-06,6943.0,5.630000114,1,16,207,682.0,2859.0,
4702921684,2016-05-07,14370.0,11.64999962,5,46,439,577.0,3683.0,
4702921684,2016-05-08,12857.0,10.43000031,9,125,192,1019.0,3287.0,
4702921684,2016-05-09,8232.0,6.679999828,0,12,253,746.0,2990.0,
4702921684,2016-05-10,10613.0,8.609999657,1,37,262,701.0,3172.0,
4702921684,2016-05-11,9810.0,7.960000038,10,41,235,784.0,3069.0,
4702921684,2016-05-12,2752.0,2.230000019,0,0,68,241.0,1240.0,
5553957443,2016-04-12,11596.0,7.570000172,19,13,277,767.0,2026.0,
5553957443,2016-04-13,4832.0,3.160000086,0,0,226,647.0,1718.0,
5553957443,2016-04-14,17022.0,11.11999989,61,41,256,693.0,2324.0,
5553957443,2016-04-15,16556.0,10.85999966,58,38,239,689.0,2254.0,
5553957443,2016-04-16,5771.0,3.769999981,0,0,288,521.0,1831.0,
5553957443,2016-04-17,655.0,0.430000007,0,0,46,943.0,1397.0,
5553957443,2016-04-18,3727.0,2.430000067,0,0,206,622.0,1683.0,
5553957443,2016-04-19,15482.0,10.10999966,69,28,249,756.0,2284.0,
5553957443,2016-04-20,2713.0,1.769999981,0,0,148,598.0,1570.0,
5553957443,2016-04-21,12346.0,8.06000042,47,42,177,801.0,2066.0,
5553957443,2016-04-22,11682.0,7.630000114,25,16,270,781.0,2105.0,
5553957443,2016-04-23,4112.0,2.690000057,0,0,272,443.0,1776.0,
5553957443,2016-04-24,1807.0,1.179999948,0,0,104,582.0,1507.0,
5553957443,2016-04-25,10946.0,7.190000057,51,11,201,732.0,2033.0,
5553957443,2016-04-26,11886.0,7.760000229,40,18,238,750.0,2093.0,
5553957443,2016-04-27,10538.0,6.880000114,16,16,206,745.0,1922.0,
5553957443,2016-04-28,11393.0,7.630000114,49,13,165,727.0,1999.0,
5553957443,2016-04-29,12764.0,8.329999924,46,15,270,709.0,2169.0,
5553957443,2016-04-30,1202.0,0.779999971,0,0,84,506.0,1463.0,
5553957443,2016-05-01,5164.0,3.369999886,0,0,237,436.0,1747.0,
5553957443,2016-05-02,9769.0,6.380000114,23,9,227,724.0,1996.0,
5553957443,2016-05-03,12848.0,8.390000343,26,29,247,812.0,2116.0,
5553957443,2016-05-04,4249.0,2.769999981,0,0,224,651.0,1698.0,
5553957443,2016-05-05,14331.0,9.510000229,44,29,241,692.0,2156.0,
5553957443,2016-05-06,9632.0,6.289999962,21,9,229,761.0,1916.0,
5553957443,2016-05-07,1868.0,1.220000029,0,0,96,902.0,1494.0,
5553957443,2016-05-08,6083.0,4.0,3,8,210,505.0,1762.0,
5553957443,2016-05-09,11611.0,7.579999924,59,22,251,667.0,2272.0,
5553957443,2016-05-10,16358.0,10.71000004,61,40,265,707.0,2335.0,
5553957443,2016-05-11,4926.0,3.220000029,0,0,195,628.0,1693.0,
5553957443,2016-05-12,3121.0,2.039999962,8,6,48,222.0,741.0,
5577150313,2016-04-12,8135.0,6.079999924,86,16,140,728.0,3405.0,
5577150313,2016-04-13,5077.0,3.789999962,15,11,144,776.0,2551.0,
5577150313,2016-04-14,8596.0,6.420000076,118,30,176,662.0,4022.0,
5577150313,2016-04-15,12087.0,9.079999924,115,54,199,695.0,4005.0,
5577150313,2016-04-16,14269.0,10.65999985,184,56,158,472.0,4274.0,
5577150313,2016-04-17,12231.0,9.140000343,200,37,159,525.0,4552.0,
5577150313,2016-04-18,9893.0,7.389999866,114,32,130,623.0,3625.0,
5577150313,2016-04-19,12574.0,9.420000076,108,23,111,733.0,3501.0,
5577150313,2016-04-20,8330.0,6.21999979,87,16,113,773.0,3192.0,
5577150313,2016-04-21,10830.0,8.090000153,110,74,175,670.0,4018.0,
5577150313,2016-04-22,9172.0,6.849999905,62,30,200,823.0,3329.0,
5577150313,2016-04-23,7638.0,5.710000038,24,24,223,627.0,3152.0,
5577150313,2016-04-24,15764.0,11.77999973,210,65,141,425.0,4392.0,
5577150313,2016-04-25,6393.0,4.78000021,61,38,214,743.0,3374.0,
5577150313,2016-04-26,5325.0,3.980000019,38,32,181,759.0,3088.0,
5577150313,2016-04-27,6805.0,5.139999866,63,16,190,773.0,3294.0,
5577150313,2016-04-28,9841.0,7.429999828,99,51,141,692.0,3580.0,
5577150313,2016-04-29,7924.0,5.920000076,97,36,165,739.0,3544.0,
5577150313,2016-04-30,12363.0,9.239999771,207,45,163,621.0,4501.0,
5577150313,2016-05-01,13368.0,9.989999771,194,72,178,499.0,4546.0,
5577150313,2016-05-02,7439.0,5.559999943,37,20,235,732.0,3014.0,
5577150313,2016-05-03,11045.0,8.25,97,8,212,580.0,3795.0,
5577150313,2016-05-04,5206.0,3.890000105,25,9,141,631.0,2755.0,
5577150313,2016-05-05,7550.0,5.639999866,45,21,143,1153.0,3004.0,
5577150313,2016-05-06,4950.0,3.700000048,41,16,79,1304.0,2643.0,
5577150313,2016-05-09,3421.0,2.559999943,34,11,70,1099.0,2489.0,
5577150313,2016-05-10,8869.0,6.650000095,104,37,194,639.0,3841.0,
5577150313,2016-05-11,4038.0,3.039999962,45,15,63,257.0,1665.0,
6117666160,2016-04-15,14019.0,10.59000015,0,6,513,921.0,2865.0,
6117666160,2016-04-16,14450.0,10.90999985,7,15,518,502.0,2828.0,
6117666160,2016-04-17,7150.0,5.400000095,0,0,312,702.0,2225.0,
6117666160,2016-04-18,5153.0,3.910000086,0,0,241,759.0,2018.0,
6117666160,2016-04-19,11135.0,8.409999847,0,0,480,425.0,2606.0,
6117666160,2016-04-20,10449.0,8.020000458,26,10,349,587.0,2536.0,
6117666160,2016-04-21,19542.0,15.01000023,11,19,294,579.0,4900.0,
6117666160,2016-04-22,8206.0,6.199999809,0,0,402,413.0,2409.0,
6117666160,2016-04-23,11495.0,8.680000305,0,0,512,468.0,2651.0,
6117666160,2016-04-24,7623.0,5.760000229,0,0,362,711.0,2305.0,
6117666160,2016-04-26,9543.0,7.210000038,0,7,352,1077.0,2450.0,
6117666160,2016-04-27,9411.0,7.110000134,0,0,458,417.0,2576.0,
6117666160,2016-04-28,3403.0,2.599999905,0,0,141,758.0,1879.0,
6117666160,2016-04-29,9592.0,7.239999771,0,0,461,479.0,2560.0,
6117666160,2016-04-30,6987.0,5.28000021,0,0,343,1040.0,2275.0,
6117666160,2016-05-01,8915.0,6.730000019,0,0,397,525.0,2361.0,
6117666160,2016-05-02,4933.0,3.730000019,0,0,236,1204.0,2044.0,
6117666160,2016-05-04,2997.0,2.25999999,0,0,156,1279.0,1902.0,
6117666160,2016-05-05,9799.0,7.400000095,0,0,487,479.0,2636.0,
6117666160,2016-05-06,3365.0,2.680000067,0,0,133,673.0,1838.0,
6117666160,2016-05-07,7336.0,5.539999962,0,0,412,456.0,2469.0,
6117666160,2016-05-08,7328.0,5.53000021,0,0,318,517.0,2250.0,
6117666160,2016-05-09,4477.0,3.380000114,0,0,197,125.0,1248.0,
6290855005,2016-04-12,4562.0,3.450000048,0,0,199,1241.0,2560.0,
6290855005,2016-04-13,7142.0,5.400000095,0,0,350,1090.0,2905.0,
6290855005,2016-04-14,7671.0,5.800000191,0,0,363,1077.0,2952.0,
6290855005,2016-04-15,9501.0,7.179999828,0,0,328,1112.0,2896.0,
6290855005,2016-04-16,8301.0,6.28000021,0,0,258,1182.0,2783.0,
6290855005,2016-04-17,7851.0,5.940000057,31,12,225,1172.0,3171.0,
6290855005,2016-04-18,6885.0,5.210000038,0,0,271,1169.0,2766.0,
6290855005,2016-04-19,7142.0,5.400000095,0,0,321,1119.0,2839.0,
6290855005,2016-04-20,6361.0,4.809999943,0,0,258,1182.0,2701.0,
6290855005,2016-04-22,6238.0,4.71999979,0,0,302,1138.0,2796.0,
6290855005,2016-04-24,5896.0,4.460000038,0,0,258,1182.0,2703.0,
6290855005,2016-04-25,7802.0,5.900000095,8,3,249,1180.0,2771.0,
6290855005,2016-04-27,5565.0,4.210000038,0,0,287,1153.0,2743.0,
6290855005,2016-04-28,5731.0,4.329999924,0,0,255,1185.0,2687.0,
6290855005,2016-04-30,6744.0,5.099999905,0,0,324,1116.0,2843.0,
6290855005,2016-05-01,9837.0,7.440000057,8,95,282,1055.0,3327.0,
6290855005,2016-05-02,6781.0,5.130000114,0,0,268,1172.0,2725.0,
6290855005,2016-05-03,6047.0,4.570000172,0,0,240,1200.0,2671.0,
6290855005,2016-05-04,5832.0,4.409999847,0,0,272,1168.0,2718.0,
6290855005,2016-05-05,6339.0,4.789999962,0,0,239,1201.0,2682.0,
6290855005,2016-05-06,6116.0,4.619999886,0,0,305,1135.0,2806.0,
6290855005,2016-05-07,5510.0,4.170000076,0,0,227,1213.0,2613.0,
6290855005,2016-05-08,7706.0,5.829999924,0,0,251,1189.0,2712.0,
6290855005,2016-05-09,6277.0,4.75,0,0,264,800.0,2175.0,
6775888955,2016-04-13,4053.0,2.910000086,17,18,85,1053.0,2400.0,
6775888955,2016-04-14,5162.0,3.700000048,14,24,105,863.0,2507.0,
6775888955,2016-04-15,1282.0,0.920000017,0,0,58,976.0,2127.0,
6775888955,2016-04-16,4732.0,3.390000105,36,18,9,1377.0,2225.0,
6775888955,2016-04-17,2497.0,1.789999962,5,24,19,1392.0,2067.0,
6775888955,2016-04-18,8294.0,5.949999809,30,31,146,1233.0,2798.0,
6775888955,2016-04-20,10771.0,7.71999979,70,113,178,1079.0,3727.0,
6775888955,2016-04-22,637.0,0.460000008,0,0,20,1420.0,1922.0,
6775888955,2016-04-24,2153.0,1.539999962,11,18,11,1400.0,2053.0,
6775888955,2016-04-25,6474.0,4.639999866,33,13,92,1302.0,2484.0,
6775888955,2016-04-26,7091.0,5.269999981,42,30,47,1321.0,2584.0,
6775888955,2016-04-28,703.0,0.5,2,13,15,1410.0,1993.0,
6775888955,2016-04-30,2503.0,1.789999962,3,9,84,1344.0,2280.0,
6775888955,2016-05-01,2487.0,1.779999971,9,34,50,1347.0,2319.0,
6775888955,2016-05-03,9.0,0.01,0,0,1,1439.0,1843.0,
6775888955,2016-05-06,4697.0,3.369999886,12,35,75,1318.0,2496.0,
6775888955,2016-05-07,1967.0,1.409999967,2,5,49,551.0,1032.0,
6962181067,2016-04-12,10199.0,6.739999771,50,14,189,796.0,1994.0,
6962181067,2016-04-13,5652.0,3.74000001,8,24,142,548.0,1718.0,
6962181067,2016-04-14,1551.0,1.029999971,0,0,86,862.0,1466.0,
6962181067,2016-04-15,5563.0,3.680000067,0,0,217,837.0,1756.0,
6962181067,2016-04-16,13217.0,8.739999771,50,3,280,741.0,2173.0,
6962181067,2016-04-17,10145.0,6.710000038,5,13,295,634.0,2027.0,
6962181067,2016-04-18,11404.0,7.539999962,13,42,238,689.0,2039.0,
6962181067,2016-04-19,10742.0,7.099999905,35,41,195,659.0,2046.0,
6962181067,2016-04-20,13928.0,9.550000191,48,4,297,639.0,2174.0,
6962181067,2016-04-21,11835.0,9.710000038,53,27,214,708.0,2179.0,
6962181067,2016-04-22,10725.0,7.090000153,30,33,240,659.0,2086.0,
6962181067,2016-04-23,20031.0,13.23999977,58,41,347,484.0,2571.0,
6962181067,2016-04-24,5029.0,3.319999933,0,0,199,720.0,1705.0,
6962181067,2016-04-25,13239.0,9.270000458,35,31,282,637.0,2194.0,
6962181067,2016-04-26,10433.0,6.900000095,36,7,254,680.0,2012.0,
6962181067,2016-04-27,10320.0,6.820000172,7,38,279,697.0,2034.0,
6962181067,2016-04-28,12627.0,8.350000381,38,8,288,621.0,2182.0,
6962181067,2016-04-29,10762.0,7.110000134,12,15,369,645.0,2254.0,
6962181067,2016-04-30,10081.0,6.659999847,32,16,237,731.0,2002.0,
6962181067,2016-05-01,5454.0,3.609999895,0,0,215,722.0,1740.0,
6962181067,2016-05-02,12912.0,8.539999962,18,39,313,655.0,2162.0,
6962181067,2016-05-03,12109.0,8.119999886,21,36,267,654.0,2072.0,
6962181067,2016-05-04,10147.0,6.710000038,15,36,284,683.0,2086.0,
6962181067,2016-05-05,10524.0,6.960000038,14,22,305,591.0,2066.0,
6962181067,2016-05-06,5908.0,3.910000086,0,0,299,717.0,1850.0,
6962181067,2016-05-07,6815.0,4.5,0,0,328,745.0,1947.0,
6962181067,2016-05-08,4188.0,2.769999981,0,14,151,709.0,1659.0,
6962181067,2016-05-09,12342.0,8.720000267,43,21,231,607.0,2105.0,
6962181067,2016-05-10,15448.0,10.21000004,62,34,275,626.0,2361.0,
6962181067,2016-05-11,6722.0,4.440000057,24,7,199,709.0,1855.0,
6962181067,2016-05-12,3587.0,2.369999886,0,8,105,127.0,928.0,
7007744171,2016-04-12,14172.0,10.28999996,53,8,355,1024.0,2937.0,
7007744171,2016-04-13,12862.0,9.649999619,56,22,261,1101.0,2742.0,
7007744171,2016-04-14,11179.0,8.239999771,34,6,304,1096.0,2668.0,
7007744171,2016-04-15,5273.0,3.529999971,0,0,202,1238.0,2098.0,
7007744171,2016-04-16,4631.0,3.099999905,0,0,203,1155.0,2076.0,
7007744171,2016-04-17,8059.0,5.389999866,0,0,305,1135.0,2383.0,
7007744171,2016-04-18,14816.0,10.97999954,48,31,284,1077.0,2832.0,
7007744171,2016-04-19,14194.0,10.47999954,53,17,304,1066.0,2812.0,
7007744171,2016-04-20,15566.0,11.31000042,60,33,347,1000.0,3096.0,
7007744171,2016-04-21,13744.0,9.18999958,30,34,327,1049.0,2763.0,
7007744171,2016-04-22,15299.0,10.23999977,64,50,261,1065.0,2889.0,
7007744171,2016-04-23,8093.0,5.409999847,2,25,223,1190.0,2284.0,
7007744171,2016-04-24,11085.0,7.420000076,0,0,419,1021.0,2667.0,
7007744171,2016-04-25,18229.0,13.34000015,51,24,379,986.0,3055.0,
7007744171,2016-04-26,15090.0,10.10000038,16,22,424,978.0,2939.0,
7007744171,2016-04-27,13541.0,10.22000027,50,12,337,1041.0,2830.0,
7007744171,2016-04-28,15128.0,10.11999989,16,16,401,1007.0,2836.0,
7007744171,2016-04-29,20067.0,14.30000019,55,42,382,961.0,3180.0,
7007744171,2016-04-30,3761.0,2.519999981,0,0,200,1240.0,2051.0,
7007744171,2016-05-01,5600.0,3.75,0,0,237,1142.0,2225.0,
7007744171,2016-05-02,13041.0,9.180000305,64,14,250,1112.0,2642.0,
7007744171,2016-05-03,14510.0,10.86999989,58,31,330,1021.0,2976.0,
7007744171,2016-05-05,15010.0,11.10000038,53,23,317,1047.0,2933.0,
7007744171,2016-05-06,11459.0,7.670000076,44,13,247,1136.0,2553.0,
7086361926,2016-04-12,11317.0,8.409999847,59,6,153,745.0,2772.0,
7086361926,2016-04-13,5813.0,3.619999886,31,26,155,744.0,2516.0,
7086361926,2016-04-14,9123.0,6.119999886,35,32,189,787.0,2734.0,
7086361926,2016-04-15,8585.0,5.670000076,30,21,139,864.0,2395.0,
7086361926,2016-04-16,31.0,0.01,0,0,3,1437.0,1635.0,
7086361926,2016-04-18,9827.0,6.710000038,61,51,114,1136.0,2743.0,
7086361926,2016-04-19,10688.0,7.289999962,67,69,124,671.0,2944.0,
7086361926,2016-04-20,14365.0,10.64000034,87,13,145,797.0,2997.0,
7086361926,2016-04-21,9469.0,6.179999828,19,6,206,758.0,2463.0,
7086361926,2016-04-22,9753.0,6.53000021,58,59,153,762.0,2846.0,
7086361926,2016-04-23,2817.0,1.809999943,0,0,90,1350.0,1965.0,
7086361926,2016-04-24,3520.0,2.160000086,0,0,125,566.0,2049.0,
7086361926,2016-04-25,10091.0,6.820000172,69,39,129,706.0,2752.0,
7086361926,2016-04-26,10387.0,7.070000172,70,33,132,726.0,2781.0,
7086361926,2016-04-27,11107.0,8.340000153,55,6,145,829.0,2693.0,
7086361926,2016-04-28,11584.0,7.800000191,54,48,161,810.0,2862.0,
7086361926,2016-04-29,7881.0,4.949999809,24,36,182,1198.0,2616.0,
7086361926,2016-04-30,14560.0,9.409999847,42,17,308,584.0,2995.0,
7086361926,2016-05-01,12390.0,8.069999695,30,15,258,685.0,2730.0,
7086361926,2016-05-02,10052.0,6.809999943,66,26,139,737.0,2754.0,
7086361926,2016-05-03,10288.0,6.760000229,57,36,152,761.0,2754.0,
7086361926,2016-05-04,10988.0,8.31000042,45,12,135,843.0,2655.0,
7086361926,2016-05-05,8564.0,5.599999905,24,14,149,1253.0,2386.0,
7086361926,2016-05-06,12461.0,8.380000114,84,35,154,834.0,2924.0,
7086361926,2016-05-07,12827.0,8.479999542,20,42,209,621.0,2739.0,
7086361926,2016-05-08,10677.0,7.099999905,32,27,147,695.0,2534.0,
7086361926,2016-05-09,13566.0,9.109999657,67,50,171,743.0,2960.0,
7086361926,2016-05-10,14433.0,10.78999996,72,23,106,1182.0,2800.0,
7086361926,2016-05-11,9572.0,6.519999981,57,40,128,757.0,2735.0,
7086361926,2016-05-12,3789.0,2.559999943,5,4,58,343.0,1199.0,
8053475328,2016-04-12,18060.0,14.11999989,116,8,123,1193.0,3186.0,
8053475328,2016-04-13,16433.0,13.35000038,95,12,156,1177.0,3140.0,
8053475328,2016-04-14,20159.0,15.97000027,119,5,193,1123.0,3411.0,
8053475328,2016-04-15,20669.0,16.23999977,132,8,158,1142.0,3410.0,
8053475328,2016-04-16,14549.0,11.10999966,96,6,83,1255.0,2867.0,
8053475328,2016-04-17,18827.0,13.68999958,111,21,195,1113.0,3213.0,
8053475328,2016-04-18,17076.0,12.65999985,102,6,195,1137.0,3133.0,
8053475328,2016-04-19,15929.0,12.47999954,90,7,191,1152.0,3114.0,
8053475328,2016-04-20,15108.0,12.18999958,89,5,158,695.0,3043.0,
8053475328,2016-04-21,16057.0,12.51000023,100,6,170,1164.0,3103.0,
8053475328,2016-04-22,10520.0,8.289999962,60,3,117,1260.0,2655.0,
8053475328,2016-04-23,22359.0,17.19000053,125,14,223,741.0,3554.0,
8053475328,2016-04-24,22988.0,17.95000076,129,33,182,1096.0,3577.0,
8053475328,2016-04-25,20500.0,15.68999958,118,9,209,1104.0,3403.0,
8053475328,2016-04-26,12685.0,9.619999886,68,5,185,1182.0,2846.0,
8053475328,2016-04-27,12422.0,9.819999695,60,10,183,1187.0,2852.0,
8053475328,2016-04-28,15447.0,12.39999962,90,9,153,1188.0,3062.0,
8053475328,2016-04-29,12315.0,9.649999619,58,8,159,1215.0,2794.0,
8053475328,2016-04-30,7135.0,5.590000153,27,1,131,1281.0,2408.0,
8053475328,2016-05-01,1170.0,0.850000024,0,0,51,1389.0,1886.0,
8053475328,2016-05-02,1969.0,1.429999948,0,0,95,1345.0,1988.0,
8053475328,2016-05-03,15484.0,11.89999962,87,22,165,1166.0,3023.0,
8053475328,2016-05-04,14581.0,11.14999962,89,8,123,1220.0,2918.0,
8053475328,2016-05-05,14990.0,11.51000023,93,9,130,1208.0,2950.0,
8053475328,2016-05-06,13953.0,11.0,90,15,90,1245.0,2859.0,
8053475328,2016-05-07,19769.0,15.67000008,121,20,148,1076.0,3331.0,
8053475328,2016-05-08,22026.0,17.64999962,125,14,228,1073.0,3589.0,
8053475328,2016-05-09,12465.0,9.380000114,66,12,148,1214.0,2765.0,
8053475328,2016-05-10,14810.0,11.35999966,96,10,115,1219.0,2926.0,
8053475328,2016-05-11,12209.0,9.399999619,60,7,184,1189.0,2809.0,
8053475328,2016-05-12,4998.0,3.910000086,28,4,39,839.0,1505.0,
8253242879,2016-04-12,9033.0,7.159999847,40,2,154,1244.0,2044.0,
8253242879,2016-04-13,8053.0,6.099999905,35,11,96,1298.0,1935.0,
8253242879,2016-04-14,5234.0,3.460000038,29,16,33,1362.0,1705.0,
8253242879,2016-04-15,2672.0,1.769999981,0,0,105,1335.0,1632.0,
8253242879,2016-04-16,9256.0,6.139999866,6,51,115,1268.0,1880.0,
8253242879,2016-04-17,10204.0,7.909999847,41,5,157,1237.0,2112.0,
8253242879,2016-04-18,5151.0,3.480000019,16,16,130,1278.0,1829.0,
8253242879,2016-04-19,4212.0,2.779999971,0,0,164,1276.0,1763.0,
8253242879,2016-04-20,6466.0,4.269999981,5,18,216,1201.0,1931.0,
8253242879,2016-04-21,11268.0,8.56000042,49,20,172,1199.0,2218.0,
8253242879,2016-04-22,2824.0,1.870000005,0,0,120,1320.0,1651.0,
8253242879,2016-04-23,9282.0,6.260000229,30,26,191,1193.0,2132.0,
8253242879,2016-04-24,8905.0,7.130000114,41,4,82,1313.0,1976.0,
8253242879,2016-04-25,6829.0,4.510000229,7,54,118,1261.0,1909.0,
8253242879,2016-04-26,4562.0,3.039999962,19,14,108,1299.0,1813.0,
8253242879,2016-04-27,10232.0,8.180000305,45,5,104,1286.0,2008.0,
8253242879,2016-04-28,2718.0,1.799999952,11,16,20,1393.0,1580.0,
8253242879,2016-04-29,6260.0,4.260000229,16,14,136,1257.0,1854.0,
8378563200,2016-04-12,7626.0,6.050000191,65,15,156,723.0,3635.0,
8378563200,2016-04-13,12386.0,9.819999695,116,14,169,680.0,4079.0,
8378563200,2016-04-14,13318.0,10.56000042,123,21,174,699.0,4163.0,
8378563200,2016-04-15,14461.0,11.47000027,60,23,190,729.0,3666.0,
8378563200,2016-04-16,11207.0,8.890000343,64,21,142,563.0,3363.0,
8378563200,2016-04-17,2132.0,1.690000057,0,0,93,599.0,2572.0,
8378563200,2016-04-18,13630.0,10.81000042,117,10,174,720.0,4157.0,
8378563200,2016-04-19,13070.0,10.35999966,120,19,154,737.0,4092.0,
8378563200,2016-04-20,9388.0,7.440000057,82,8,169,763.0,3787.0,
8378563200,2016-04-21,15148.0,12.01000023,137,16,145,677.0,4236.0,
8378563200,2016-04-22,12200.0,9.670000076,113,12,159,769.0,4044.0,
8378563200,2016-04-23,5709.0,4.53000021,19,10,136,740.0,2908.0,
8378563200,2016-04-24,3703.0,2.940000057,0,0,135,734.0,2741.0,
8378563200,2016-04-25,12405.0,9.840000153,117,16,141,692.0,4005.0,
8378563200,2016-04-26,16208.0,12.85000038,90,18,161,593.0,3763.0,
8378563200,2016-04-27,7359.0,5.840000153,4,4,192,676.0,3061.0,
8378563200,2016-04-28,5417.0,4.300000191,11,10,139,711.0,2884.0,
8378563200,2016-04-29,6175.0,4.900000095,3,7,172,767.0,2982.0,
8378563200,2016-04-30,2946.0,2.339999914,0,0,121,780.0,2660.0,
8378563200,2016-05-01,11419.0,9.06000042,71,10,127,669.0,3369.0,
8378563200,2016-05-02,6064.0,4.809999943,63,4,142,802.0,3491.0,
8378563200,2016-05-03,8712.0,6.909999847,71,20,195,822.0,3784.0,
8378563200,2016-05-04,7875.0,6.239999771,19,10,167,680.0,3110.0,
8378563200,2016-05-05,8567.0,6.789999962,66,3,214,764.0,3783.0,
8378563200,2016-05-06,7045.0,5.590000153,74,5,166,831.0,3644.0,
8378563200,2016-05-07,4468.0,3.539999962,0,0,158,851.0,2799.0,
8378563200,2016-05-08,2943.0,2.329999924,0,0,139,621.0,2685.0,
8378563200,2016-05-09,8382.0,6.650000095,71,13,171,772.0,3721.0,
8378563200,2016-05-10,6582.0,5.21999979,63,13,152,840.0,3586.0,
8378563200,2016-05-11,9143.0,7.25,72,10,184,763.0,3788.0,
8378563200,2016-05-12,4561.0,3.619999886,8,6,102,433.0,1976.0,
8583815059,2016-04-12,5014.0,3.910000086,0,7,196,1237.0,2650.0,
8583815059,2016-04-13,5571.0,4.349999905,2,23,163,1252.0,2654.0,
8583815059,2016-04-14,3135.0,2.450000048,0,0,134,1306.0,2443.0,
8583815059,2016-04-15,3430.0,2.680000067,0,0,65,1375.0,2505.0,
8583815059,2016-04-16,5319.0,4.150000095,0,0,0,1440.0,2693.0,
8583815059,2016-04-17,3008.0,2.349999905,0,0,0,1440.0,2439.0,
8583815059,2016-04-18,3864.0,3.00999999,4,22,105,1309.0,2536.0,
8583815059,2016-04-19,5697.0,4.440000057,7,10,166,1257.0,2668.0,
8583815059,2016-04-20,5273.0,4.110000134,0,27,167,1246.0,2647.0,
8583815059,2016-04-21,8538.0,6.659999847,35,18,158,1229.0,2883.0,
8583815059,2016-04-22,8687.0,6.78000021,4,54,212,1170.0,2944.0,
8583815059,2016-04-23,9423.0,7.349999905,7,44,238,1151.0,3012.0,
8583815059,2016-04-24,8286.0,6.460000038,2,44,206,1188.0,2889.0,
8583815059,2016-04-25,4503.0,3.50999999,18,6,122,1294.0,2547.0,
8583815059,2016-04-26,10499.0,8.18999958,1,91,214,1134.0,3093.0,
8583815059,2016-04-27,12474.0,9.729999542,77,5,129,1229.0,3142.0,
8583815059,2016-04-28,6174.0,4.820000172,0,28,203,1209.0,2757.0,
8583815059,2016-04-29,15168.0,11.82999992,46,67,258,1069.0,3513.0,
8583815059,2016-04-30,10085.0,7.869999886,2,28,317,1093.0,3164.0,
8583815059,2016-05-01,4512.0,3.519999981,10,2,117,1311.0,2596.0,
8583815059,2016-05-02,8469.0,6.610000134,0,0,0,1440.0,2894.0,
8583815059,2016-05-03,12015.0,9.369999886,0,0,0,1440.0,3212.0,
8583815059,2016-05-04,3588.0,2.799999952,0,0,0,1440.0,2516.0,
8583815059,2016-05-05,12427.0,9.68999958,0,0,70,1370.0,3266.0,
8583815059,2016-05-06,5843.0,4.559999943,2,22,166,1250.0,2683.0,
8583815059,2016-05-07,6117.0,4.769999981,0,0,250,1190.0,2810.0,
8583815059,2016-05-08,9217.0,7.190000057,3,72,182,1183.0,2940.0,
8583815059,2016-05-09,9877.0,7.699999809,66,4,110,1260.0,2947.0,
8583815059,2016-05-10,8240.0,6.429999828,9,43,162,1226.0,2846.0,
8583815059,2016-05-11,8701.0,6.789999962,5,71,177,1106.0,2804.0,
8792009665,2016-04-12,2564.0,1.639999986,0,0,116,831.0,2044.0,
8792009665,2016-04-13,1320.0,0.839999974,0,0,82,806.0,1934.0,
8792009665,2016-04-14,1219.0,0.779999971,0,0,84,853.0,1963.0,
8792009665,2016-04-15,2483.0,1.590000033,0,0,126,937.0,2009.0,
8792009665,2016-04-16,244.0,0.159999996,0,0,12,1428.0,1721.0,
8792009665,2016-04-20,3147.0,2.00999999,0,10,139,744.0,2188.0,
8792009665,2016-04-21,144.0,0.090000004,0,0,9,1431.0,1720.0,
8792009665,2016-04-22,4068.0,2.599999905,1,20,195,817.0,2419.0,
8792009665,2016-04-23,5245.0,3.359999895,8,45,232,795.0,2748.0,
8792009665,2016-04-24,400.0,0.25999999,3,8,19,1410.0,1799.0,
8792009665,2016-04-26,1321.0,0.850000024,0,0,80,1360.0,1928.0,
8792009665,2016-04-27,1758.0,1.129999995,0,0,112,900.0,2067.0,
8792009665,2016-04-28,6157.0,3.940000057,0,0,310,714.0,2780.0,
8792009665,2016-04-29,8360.0,5.349999905,6,14,380,634.0,3101.0,
8792009665,2016-04-30,7174.0,4.590000153,10,20,301,749.0,2896.0,
8792009665,2016-05-01,1619.0,1.039999962,0,0,79,834.0,1962.0,
8792009665,2016-05-02,1831.0,1.169999957,0,0,101,916.0,2015.0,
8792009665,2016-05-03,2421.0,1.549999952,0,0,156,739.0,2297.0,
8792009665,2016-05-04,2283.0,1.460000038,0,0,129,848.0,2067.0,
8877689391,2016-04-12,23186.0,20.39999962,85,7,312,1036.0,3921.0,
8877689391,2016-04-13,15337.0,9.579999924,108,18,216,1098.0,3566.0,
8877689391,2016-04-14,21129.0,18.97999954,68,13,298,1061.0,3793.0,
8877689391,2016-04-15,13422.0,7.170000076,106,1,281,1052.0,3934.0,
8877689391,2016-04-16,29326.0,25.29000092,94,29,429,888.0,4547.0,
8877689391,2016-04-17,15118.0,8.869999886,58,15,307,1060.0,3545.0,
8877689391,2016-04-18,11423.0,8.670000076,29,5,191,1215.0,2761.0,
8877689391,2016-04-19,18785.0,17.39999962,82,13,214,1131.0,3676.0,
8877689391,2016-04-20,19948.0,18.11000061,73,19,225,1123.0,3679.0,
8877689391,2016-04-21,19377.0,17.62000084,82,13,226,1119.0,3659.0,
8877689391,2016-04-22,18258.0,16.30999947,61,2,236,1141.0,3427.0,
8877689391,2016-04-23,11200.0,7.429999828,102,6,300,1032.0,3891.0,
8877689391,2016-04-24,16674.0,15.73999977,64,1,227,1148.0,3455.0,
8877689391,2016-04-25,12986.0,8.739999771,113,8,218,1101.0,3802.0,
8877689391,2016-04-26,11101.0,8.430000305,22,3,258,1157.0,2860.0,
8877689391,2016-04-27,23629.0,20.64999962,93,8,235,1104.0,3808.0,
8877689391,2016-04-28,14890.0,11.30000019,58,8,231,1143.0,3060.0,
8877689391,2016-04-29,9733.0,7.389999866,18,5,210,1207.0,2698.0,
8877689391,2016-04-30,27745.0,26.71999931,124,4,223,1089.0,4398.0,
8877689391,2016-05-01,10930.0,8.319999695,36,12,166,1226.0,2786.0,
8877689391,2016-05-02,4790.0,3.640000105,0,0,105,1335.0,2189.0,
8877689391,2016-05-03,10818.0,8.210000038,19,3,229,1189.0,2817.0,
8877689391,2016-05-04,18193.0,16.29999924,66,8,212,1154.0,3477.0,
8877689391,2016-05-05,14055.0,10.67000008,67,15,188,1170.0,3052.0,
8877689391,2016-05-06,21727.0,19.34000015,96,17,232,1095.0,4015.0,
8877689391,2016-05-07,12332.0,8.130000114,105,28,271,1036.0,4142.0,
8877689391,2016-05-08,10686.0,8.109999657,17,4,245,1174.0,2847.0,
8877689391,2016-05-09,20226.0,18.25,73,19,217,1131.0,3710.0,
8877689391,2016-05-10,10733.0,8.149999619,18,11,224,1187.0,2832.0,
8877689391,2016-05-11,21420.0,19.55999947,88,12,213,1127.0,3832.0,
8877689391,2016-05-12,8064.0,6.119999886,23,1,137,770.0,1849.0,
1,2024-01-02,3842.0,1.05,32,19,74,,,643.0
1,2024-01-03,5884.0,2.26,36,6,72,,,642.0
1,2024-01-04,298.0,0.13,0,0,2,,,5.0
1,2024-01-06,3517.0,1.45,17,4,61,,,361.0
1,2024-01-09,287.0,0.12,0,0,31,,,114.0
1,2024-01-10,359.0,0.15,0,0,42,,,201.0
1,2024-01-11,2788.0,1.18,6,4,62,,,305.0
1,2024-01-13,4006.0,1.43,55,35,66,,,830.0
1,2024-01-14,620.0,0.26,57,28,115,,,1056.0
1,2024-01-16,5850.0,2.44,34,4,62,,,549.0
1,2024-01-17,2509.0,0.47,45,7,25,,,492.0
1,2024-01-21,10053.0,4.17,53,35,51,,,743.0
1,2024-01-22,2158.0,0.38,46,5,27,,,517.0
1,2024-01-23,3457.0,1.47,8,26,58,,,409.0
1,2024-01-24,8906.0,3.77,50,28,84,,,800.0
1,2024-01-25,3791.0,1.61,22,0,40,,,321.0
1,2024-01-26,1868.0,0.62,9,18,49,,,334.0
1,2024-01-27,18616.0,7.89,8,21,381,,,1631.0
1,2024-01-28,7675.0,3.29,44,13,67,,,664.0
1,2024-01-29,1979.0,0.42,37,4,26,,,418.0
1,2024-01-30,6513.0,2.76,71,46,41,,,906.0
